{
  "project_info": {
    "project_number": "839433283152",
    "project_id": "memestream-88a5a",
    "storage_bucket": "memestream-88a5a.firebasestorage.app"
  },
  "client": [
    {
      "client_info": {
        "mobilesdk_app_id": "1:839433283152:android:2d8b112d982565af715355",
        "android_client_info": {
          "package_name": "vcmsa.projects.memestreamapp"
        }
      },
      "oauth_client": [
        {
          "client_id": "839433283152-55s3m0rlb8sgi4v1hcemueurece5tbpa.apps.googleusercontent.com",
          "client_type": 1,
          "android_info": {
            "package_name": "vcmsa.projects.memestreamapp",
            "certificate_hash": "2d9e231809d1504349796a0b6407dca1d41df12d"
          }
        },
        {
          "client_id": "839433283152-fppq4ig2d0cgt752dq2bru8lrlp911vj.apps.googleusercontent.com",
          "client_type": 3
        }
      ],
      "api_key": [
        {
          "current_key": "AIzaSyBXfAjjcam-Po7dUNFTZUmlsJGhsRNTbOM"
        }
      ],
      "services": {
        "appinvite_service": {
          "other_platform_oauth_client": [
            {
              "client_id": "839433283152-fppq4ig2d0cgt752dq2bru8lrlp911vj.apps.googleusercontent.com",
              "client_type": 3
            }
          ]
        }
      }
    }
  ],
  "configuration_version": "1"
}